{"stats":{"minecraft:custom":{"minecraft:interact_with_furnace":8,"minecraft:sprint_one_cm":58852,"minecraft:damage_taken":408,"minecraft:walk_one_cm":42702,"minecraft:mob_kills":7,"minecraft:drop":4,"minecraft:damage_dealt":3901,"minecraft:swim_one_cm":40312,"minecraft:interact_with_crafting_table":4,"minecraft:fly_one_cm":55618,"minecraft:play_one_minute":80069,"minecraft:crouch_one_cm":1197,"tombstone:undead_killed":3,"minecraft:sneak_time":717,"minecraft:walk_under_water_one_cm":4369,"minecraft:jump":206,"tombstone:kill_undead_boss":1,"minecraft:leave_game":8,"minecraft:time_since_death":80069,"minecraft:walk_on_water_one_cm":11611,"minecraft:fall_one_cm":3451,"minecraft:time_since_rest":80069},"minecraft:dropped":{"byg:cattail":4,"minecraft:rotten_flesh":1},"minecraft:used":{"minecraft:wither_skeleton_skull":3,"minecraft:stone_pickaxe":19,"minecraft:wooden_pickaxe":3,"minecraft:rotten_flesh":1,"minecraft:stone_axe":26,"minecraft:dirt":6,"minecraft:soul_sand":9,"herobrine_mod:godly_sword":3,"minecraft:crafting_table":2,"minecraft:furnace":2,"minecraft:cooked_beef":4},"minecraft:killed":{"minecraft:skeleton":1,"minecraft:zombie":1,"minecraft:spider":1,"minecraft:wither":1,"minecraft:cow":3},"minecraft:picked_up":{"minecraft:crafting_table":2,"minecraft:stick":54,"minecraft:leather":2,"dynamictrees:spruce_seed":9,"minecraft:spruce_log":35,"byg:cattail":4,"tombstone:voodoo_poppet":1,"minecraft:dirt":6,"tombstone:familiar_receptacle":2,"minecraft:bone":2,"minecraft:arrow":2,"minecraft:rotten_flesh":2,"minecraft:beef":6,"minecraft:sugar_cane":38,"minecraft:furnace":2,"minecraft:nether_star":1,"minecraft:cobblestone":20},"minecraft:crafted":{"minecraft:cooked_beef":6,"minecraft:crafting_table":1,"minecraft:spruce_planks":52,"minecraft:stick":16,"minecraft:wooden_pickaxe":1,"minecraft:stone_pickaxe":1,"minecraft:furnace":1,"minecraft:stone_axe":1,"minecraft:air":0},"minecraft:mined":{"minecraft:large_fern":1,"minecraft:furnace":2,"minecraft:spruce_log":7,"byg:cattail":2,"minecraft:crafting_table":2,"minecraft:spruce_leaves":11,"minecraft:stone":20,"minecraft:sugar_cane":17,"minecraft:fern":4,"minecraft:podzol":1}},"DataVersion":2586}