{"stats":{"minecraft:picked_up":{"tombstone:voodoo_poppet":1,"minecraft:nether_star":1,"minecraft:dirt":5,"tombstone:familiar_receptacle":2},"minecraft:mined":{"minecraft:spruce_leaves":4,"minecraft:fern":1},"minecraft:custom":{"minecraft:time_since_rest":9131,"minecraft:play_one_minute":9131,"minecraft:crouch_one_cm":294,"minecraft:sprint_one_cm":4527,"minecraft:damage_taken":138,"tombstone:undead_killed":1,"minecraft:walk_one_cm":9511,"minecraft:sneak_time":287,"minecraft:walk_under_water_one_cm":2164,"minecraft:mob_kills":1,"minecraft:jump":37,"minecraft:damage_dealt":3040,"tombstone:kill_undead_boss":1,"minecraft:leave_game":2,"minecraft:time_since_death":9131,"minecraft:walk_on_water_one_cm":2615,"minecraft:fly_one_cm":23931,"minecraft:fall_one_cm":209},"minecraft:killed":{"minecraft:wither":1},"minecraft:used":{"minecraft:dirt":5,"minecraft:soul_sand":9,"minecraft:wither_skeleton_skull":3,"herobrine_mod:godly_sword":3}},"DataVersion":2586}