{"stats":{"minecraft:mined":{"minecraft:large_fern":1,"minecraft:podzol":1,"minecraft:furnace":2,"minecraft:spruce_log":7,"byg:cattail":2,"minecraft:crafting_table":2,"minecraft:spruce_leaves":11,"minecraft:stone":20,"minecraft:sugar_cane":14,"minecraft:fern":2},"minecraft:dropped":{"minecraft:rotten_flesh":1,"byg:cattail":2},"minecraft:used":{"minecraft:wither_skeleton_skull":3,"minecraft:stone_pickaxe":19,"minecraft:wooden_pickaxe":3,"minecraft:rotten_flesh":1,"minecraft:stone_axe":17,"minecraft:soul_sand":9,"minecraft:dirt":6,"herobrine_mod:godly_sword":3,"minecraft:crafting_table":2,"minecraft:furnace":2,"minecraft:cooked_beef":3},"minecraft:killed":{"minecraft:zombie":1,"minecraft:spider":1,"minecraft:wither":1,"minecraft:cow":3},"minecraft:crafted":{"minecraft:crafting_table":1,"minecraft:spruce_planks":52,"minecraft:stick":16,"minecraft:wooden_pickaxe":1,"minecraft:stone_pickaxe":1,"minecraft:furnace":1,"minecraft:stone_axe":1,"minecraft:air":0,"minecraft:cooked_beef":6},"minecraft:picked_up":{"minecraft:stick":14,"minecraft:crafting_table":2,"minecraft:leather":2,"minecraft:spruce_log":13,"byg:cattail":2,"tombstone:voodoo_poppet":1,"minecraft:dirt":6,"tombstone:familiar_receptacle":2,"minecraft:rotten_flesh":2,"minecraft:beef":6,"minecraft:sugar_cane":29,"minecraft:furnace":2,"minecraft:nether_star":1,"minecraft:cobblestone":20},"minecraft:custom":{"minecraft:time_since_rest":22635,"minecraft:interact_with_furnace":8,"minecraft:sprint_one_cm":50701,"minecraft:damage_taken":288,"minecraft:walk_one_cm":28397,"minecraft:mob_kills":6,"minecraft:drop":2,"minecraft:damage_dealt":3701,"minecraft:swim_one_cm":36228,"minecraft:interact_with_crafting_table":4,"minecraft:fly_one_cm":54634,"minecraft:play_one_minute":22635,"minecraft:crouch_one_cm":1197,"tombstone:undead_killed":2,"minecraft:sneak_time":701,"minecraft:walk_under_water_one_cm":4147,"minecraft:jump":186,"tombstone:kill_undead_boss":1,"minecraft:time_since_death":22635,"minecraft:leave_game":3,"minecraft:walk_on_water_one_cm":9154,"minecraft:fall_one_cm":3451}},"DataVersion":2586}