{"stats":{"minecraft:picked_up":{"minecraft:dirt":1},"minecraft:mined":{"minecraft:grass_block":2,"minecraft:fern":1,"minecraft:dirt":5},"minecraft:custom":{"minecraft:jump":276,"minecraft:leave_game":1,"minecraft:time_since_rest":1787,"minecraft:walk_on_water_one_cm":568,"minecraft:damage_dealt":118,"minecraft:crouch_one_cm":219,"minecraft:play_one_minute":8601,"minecraft:deaths":1,"minecraft:sprint_one_cm":18470,"minecraft:damage_taken":525,"minecraft:time_since_death":4186,"minecraft:walk_one_cm":7582,"minecraft:sneak_time":191,"minecraft:fall_one_cm":12920,"minecraft:fly_one_cm":52318},"minecraft:killed_by":{"minecraft:zombie":1}},"DataVersion":2586}